{
    "orderlist":[
        {
            "status_description":"订单已完成",
            "business_name":"潮汕砂锅粥",
            "business_pic":"https://ss0.bdstatic.com/70cFuHSh_Q1YnxGkpoWK1HF6hhy/it/u=3985045178,3448045350&fm=26&gp=0.jpg",
            "total":20.2,
            "business_extension_info":{
                "business_label_info":[
                    {
                        "content":"35减12",
                        "content_color":"0xFB4E44",
                        "label_background_color":"",
                        "label_frame_color":"0xFDC9C6",
                        "type":2
                    },
                    {
                        "content":"50减15",
                        "content_color":"0xFB4E44",
                        "label_background_color":"",
                        "label_frame_color":"0xFDC9C6",
                        "type":2
                    },
                    {
                        "content":"100减40",
                        "content_color":"0xFB4E44",
                        "label_background_color":"",
                        "label_frame_color":"0xFDC9C6",
                        "type":2
                    },
                    {
                        "content":"150减45",
                        "content_color":"0xFB4E44",
                        "label_background_color":"",
                        "label_frame_color":"0xFDC9C6",
                        "type":2
                    },
                    {
                        "content":"8元无门槛红包",
                        "content_color":"0xBB8415",
                        "label_background_color":"",
                        "label_frame_color":"0xDDC189",
                        "type":2
                    },
                    {
                        "content":"7折起",
                        "content_color":"0xFB4E44",
                        "label_background_color":"",
                        "label_frame_color":"0xFDC9C6",
                        "type":2
                    }
                ]
            },
            "food_list":[
                {
                    "food_name":"干贝虾粥",
                    "food_count":1
                }
            ],
            "button_list":[
                {
                    "title":"相似商家",
                    "highlight":0
                },
                {
                    "title":"再来一单",
                    "highlight":0
                },
                {
                    "title":"评价",
                    "highlight":1
                }
            ]
        },
        {
            "status_description":"订单已完成",
            "business_name":"煎饺（天通苑华联店）",
            "business_pic":"https://timgsa.baidu.com/timg?image&quality=80&size=b9999_10000&sec=1544179920261&di=d16443bbbdaa73233c2a8377b96a1485&imgtype=0&src=http%3A%2F%2Fattachment.jmw.com.cn%2Fcomp_uploadfile%2Fslt%2F2016%2F06%2F03%2Fs1_61741464937182.jpg",
            "total":22.22,
            "business_extension_info":{
                "business_label_info":[
                    {
                        "content":"30减12",
                        "content_color":"0xFB4E44",
                        "label_background_color":"",
                        "label_frame_color":"0xFDC9C6",
                        "type":2
                    },
                    {
                        "content":"50减23",
                        "content_color":"0xFB4E44",
                        "label_background_color":"",
                        "label_frame_color":"0xFDC9C6",
                        "type":2
                    },
                    {
                        "content":"80减35",
                        "content_color":"0xFB4E44",
                        "label_background_color":"",
                        "label_frame_color":"0xFDC9C6",
                        "type":2
                    },
                    {
                        "content":"6折起",
                        "content_color":"0xFB4E44",
                        "label_background_color":"",
                        "label_frame_color":"0xFDC9C6",
                        "type":2
                    }
                ]
            },
            "food_list":[
                {
                    "food_name":"虾三鲜煎饺10个",
                    "food_count":1
                },
                {
                    "food_name":"葱油面",
                    "food_count":1
                }
            ],
            "button_list":[
                {
                    "title":"相似商家",
                    "highlight":0
                },
                {
                    "title":"再来一单",
                    "highlight":0
                },
                {
                    "title":"评价",
                    "highlight":1
                }
            ]
        },
        {
            "status_description":"订单已完成",
            "business_name":"盐酥鸡（天通苑店）",
            "business_pic":"https://timgsa.baidu.com/timg?image&quality=80&size=b9999_10000&sec=1544179982779&di=bf902664ef2de2d17eec16d2b4855e10&imgtype=0&src=http%3A%2F%2Fku.90sjimg.com%2Felement_origin_min_pic%2F17%2F03%2F08%2F9549bad93063ea3f6b1fbe6bcf331228.jpg",
            "total":16.5,
            "business_extension_info":{
                "business_label_info":[
                    {
                        "content":"20减16",
                        "content_color":"0xFB4E44",
                        "label_background_color":"",
                        "label_frame_color":"0xFDC9C6",
                        "type":2
                    },
                    {
                        "content":"46减22",
                        "content_color":"0xFB4E44",
                        "label_background_color":"",
                        "label_frame_color":"0xFDC9C6",
                        "type":2
                    },
                    {
                        "content":"77减38",
                        "content_color":"0xFB4E44",
                        "label_background_color":"",
                        "label_frame_color":"0xFDC9C6",
                        "type":2
                    },
                    {
                        "content":"100减47",
                        "content_color":"0xFB4E44",
                        "label_background_color":"",
                        "label_frame_color":"0xFDC9C6",
                        "type":2
                    },
                    {
                        "content":"7元无门槛红包",
                        "content_color":"0xBB8415",
                        "label_background_color":"",
                        "label_frame_color":"0xDDC189",
                        "type":2
                    },
                    {
                        "content":"减4元配送费",
                        "content_color":"0xFB4E44",
                        "label_background_color":"",
                        "label_frame_color":"0xFDC9C6",
                        "type":2
                    },
                    {
                        "content":"4.9折起",
                        "content_color":"0xFB4E44",
                        "label_background_color":"",
                        "label_frame_color":"0xFDC9C6",
                        "type":2
                    }
                ]
            },
            "food_list":[
                {
                    "food_name":"扁豆焖面简餐（含盐酥鸡）",
                    "food_count":1
                }
            ],
            "button_list":[
                {
                    "title":"相似商家",
                    "highlight":0
                },
                {
                    "title":"再来一单",
                    "highlight":0
                },
                {
                    "title":"评价",
                    "highlight":1
                }
            ]
        },
        {
            "status_description":"订单已完成",
            "business_name":"盐酥鸡（天通苑店）",
            "business_pic":"https://timgsa.baidu.com/timg?image&quality=80&size=b9999_10000&sec=1544179982779&di=bf902664ef2de2d17eec16d2b4855e10&imgtype=0&src=http%3A%2F%2Fku.90sjimg.com%2Felement_origin_min_pic%2F17%2F03%2F08%2F9549bad93063ea3f6b1fbe6bcf331228.jpg",
            "total":16.66,
            "business_extension_info":{
                "business_label_info":[
                    {
                        "content":"20减16",
                        "content_color":"0xFB4E44",
                        "label_background_color":"",
                        "label_frame_color":"0xFDC9C6",
                        "type":2
                    },
                    {
                        "content":"46减22",
                        "content_color":"0xFB4E44",
                        "label_background_color":"",
                        "label_frame_color":"0xFDC9C6",
                        "type":2
                    },
                    {
                        "content":"77减38",
                        "content_color":"0xFB4E44",
                        "label_background_color":"",
                        "label_frame_color":"0xFDC9C6",
                        "type":2
                    },
                    {
                        "content":"100减47",
                        "content_color":"0xFB4E44",
                        "label_background_color":"",
                        "label_frame_color":"0xFDC9C6",
                        "type":2
                    },
                    {
                        "content":"7元无门槛红包",
                        "content_color":"0xBB8415",
                        "label_background_color":"",
                        "label_frame_color":"0xDDC189",
                        "type":2
                    },
                    {
                        "content":"减4元配送费",
                        "content_color":"0xFB4E44",
                        "label_background_color":"",
                        "label_frame_color":"0xFDC9C6",
                        "type":2
                    },
                    {
                        "content":"4.9折起",
                        "content_color":"0xFB4E44",
                        "label_background_color":"",
                        "label_frame_color":"0xFDC9C6",
                        "type":2
                    }
                ]
            },
            "food_list":[
                {
                    "food_name":"扁豆焖面简餐（含盐酥鸡）",
                    "food_count":1
                }
            ],
            "button_list":[
                {
                    "title":"相似商家",
                    "highlight":0
                },
                {
                    "title":"再来一单",
                    "highlight":0
                }
            ]
        },
        {
            "status_description":"订单已完成",
            "business_name":"重庆冒菜",
            "business_pic":"https://ss2.bdstatic.com/70cFvnSh_Q1YnxGkpoWK1HF6hhy/it/u=214451103,2423091431&fm=26&gp=0.jpg",
            "total":21.1,
            "business_extension_info":{
                "business_label_info":[
                    {
                        "content":"10减8",
                        "content_color":"0xFB4E44",
                        "label_background_color":"",
                        "label_frame_color":"0xFDC9C6",
                        "type":2
                    },
                    {
                        "content":"30减12",
                        "content_color":"0xFB4E44",
                        "label_background_color":"",
                        "label_frame_color":"0xFDC9C6",
                        "type":2
                    },
                    {
                        "content":"50减18",
                        "content_color":"0xFB4E44",
                        "label_background_color":"",
                        "label_frame_color":"0xFDC9C6",
                        "type":2
                    },
                    {
                        "content":"90减25",
                        "content_color":"0xFB4E44",
                        "label_background_color":"",
                        "label_frame_color":"0xFDC9C6",
                        "type":2
                    },
                    {
                        "content":"8元无门槛红包",
                        "content_color":"0xBB8415",
                        "label_background_color":"",
                        "label_frame_color":"0xDDC189",
                        "type":2
                    },
                    {
                        "content":"5折起",
                        "content_color":"0xFB4E44",
                        "label_background_color":"",
                        "label_frame_color":"0xFDC9C6",
                        "type":2
                    }
                ]
            },
            "food_list":[
                {
                    "food_name":"外四川贡菜",
                    "food_count":1
                },
                {
                    "food_name":"外鲜豆皮",
                    "food_count":1
                },
                {
                    "food_name":"外青笋",
                    "food_count":1
                }
            ],
            "button_list":[
                {
                    "title":"相似商家",
                    "highlight":0
                },
                {
                    "title":"再来一单",
                    "highlight":0
                }
            ]
        },
        {
            "status_description":"订单已完成",
            "business_name":"盐酥鸡（天通苑店）",
            "business_pic":"https://timgsa.baidu.com/timg?image&quality=80&size=b9999_10000&sec=1544179982779&di=bf902664ef2de2d17eec16d2b4855e10&imgtype=0&src=http%3A%2F%2Fku.90sjimg.com%2Felement_origin_min_pic%2F17%2F03%2F08%2F9549bad93063ea3f6b1fbe6bcf331228.jpg",
            "total":16.66,
            "business_extension_info":{
                "business_label_info":[
                    {
                        "content":"20减16",
                        "content_color":"0xFB4E44",
                        "label_background_color":"",
                        "label_frame_color":"0xFDC9C6",
                        "type":2
                    },
                    {
                        "content":"46减22",
                        "content_color":"0xFB4E44",
                        "label_background_color":"",
                        "label_frame_color":"0xFDC9C6",
                        "type":2
                    },
                    {
                        "content":"77减38",
                        "content_color":"0xFB4E44",
                        "label_background_color":"",
                        "label_frame_color":"0xFDC9C6",
                        "type":2
                    },
                    {
                        "content":"100减47",
                        "content_color":"0xFB4E44",
                        "label_background_color":"",
                        "label_frame_color":"0xFDC9C6",
                        "type":2
                    },
                    {
                        "content":"7元无门槛红包",
                        "content_color":"0xBB8415",
                        "label_background_color":"",
                        "label_frame_color":"0xDDC189",
                        "type":2
                    },
                    {
                        "content":"减4元配送费",
                        "content_color":"0xFB4E44",
                        "label_background_color":"",
                        "label_frame_color":"0xFDC9C6",
                        "type":2
                    },
                    {
                        "content":"4.9折起",
                        "content_color":"0xFB4E44",
                        "label_background_color":"",
                        "label_frame_color":"0xFDC9C6",
                        "type":2
                    }
                ]
            },
            "food_list":[
                {
                    "food_name":"巴西烤肉简餐(带汁）（含盐酥鸡）",
                    "food_count":1
                }
            ],
            "button_list":[
                {
                    "title":"相似商家",
                    "highlight":0
                },
                {
                    "title":"再来一单",
                    "highlight":0
                }
            ]
        },
        {
            "status_description":"订单已取消",
            "business_name":"奶茶（望京店）",
            "business_pic":"https://ss0.bdstatic.com/70cFvHSh_Q1YnxGkpoWK1HF6hhy/it/u=4267547043,2730396847&fm=26&gp=0.jpg",
            "total":21,
            "business_extension_info":{
                "business_label_info":[
                    {
                        "content":"40减5",
                        "content_color":"0xFB4E44",
                        "label_background_color":"",
                        "label_frame_color":"0xFDC9C6",
                        "type":2
                    },
                    {
                        "content":"60减10",
                        "content_color":"0xFB4E44",
                        "label_background_color":"",
                        "label_frame_color":"0xFDC9C6",
                        "type":2
                    },
                    {
                        "content":"100减15",
                        "content_color":"0xFB4E44",
                        "label_background_color":"",
                        "label_frame_color":"0xFDC9C6",
                        "type":2
                    },
                    {
                        "content":"6元无门槛红包",
                        "content_color":"0xBB8415",
                        "label_background_color":"",
                        "label_frame_color":"0xDDC189",
                        "type":2
                    }
                ]
            },
            "food_list":[
                {
                    "food_name":"蛙蛙茶（脏脏茶）",
                    "food_count":1
                }
            ],
            "button_list":[
                {
                    "title":"相似商家",
                    "highlight":0
                },
                {
                    "title":"再来一单",
                    "highlight":0
                }
            ]
        },
        {
            "status_description":"订单已取消",
            "business_name":"潮汕砂锅粥",
            "business_pic":"https://ss0.bdstatic.com/70cFuHSh_Q1YnxGkpoWK1HF6hhy/it/u=3985045178,3448045350&fm=26&gp=0.jpg",
            "total":28,
            "business_extension_info":{
                "business_label_info":[
                    {
                        "content":"35减12",
                        "content_color":"0xFB4E44",
                        "label_background_color":"",
                        "label_frame_color":"0xFDC9C6",
                        "type":2
                    },
                    {
                        "content":"50减15",
                        "content_color":"0xFB4E44",
                        "label_background_color":"",
                        "label_frame_color":"0xFDC9C6",
                        "type":2
                    },
                    {
                        "content":"100减40",
                        "content_color":"0xFB4E44",
                        "label_background_color":"",
                        "label_frame_color":"0xFDC9C6",
                        "type":2
                    },
                    {
                        "content":"150减45",
                        "content_color":"0xFB4E44",
                        "label_background_color":"",
                        "label_frame_color":"0xFDC9C6",
                        "type":2
                    },
                    {
                        "content":"8元无门槛红包",
                        "content_color":"0xBB8415",
                        "label_background_color":"",
                        "label_frame_color":"0xDDC189",
                        "type":2
                    },
                    {
                        "content":"7折起",
                        "content_color":"0xFB4E44",
                        "label_background_color":"",
                        "label_frame_color":"0xFDC9C6",
                        "type":2
                    }
                ]
            },
            "food_list":[
                {
                    "food_name":"干贝虾粥",
                    "food_count":1
                }
            ],
            "button_list":[
                {
                    "title":"相似商家",
                    "highlight":0
                },
                {
                    "title":"再来一单",
                    "highlight":0
                }
            ]
        },
        {
            "status_description":"订单已取消",
            "business_name":"美食MALL（望京花园）",
            "business_pic":"https://ss0.bdstatic.com/70cFvHSh_Q1YnxGkpoWK1HF6hhy/it/u=1221646814,3993437894&fm=11&gp=0.jpg",
            "total":43.9,
            "business_extension_info":{
                "business_label_info":[
                    {
                        "content":"已领4元券",
                        "content_color":"0xFB4E44",
                        "label_background_color":"",
                        "label_frame_color":"0xFDC9C6",
                        "type":1
                    },
                    {
                        "content":"30减15",
                        "content_color":"0xFB4E44",
                        "label_background_color":"",
                        "label_frame_color":"0xFDC9C6",
                        "type":2
                    },
                    {
                        "content":"60减30",
                        "content_color":"0xFB4E44",
                        "label_background_color":"",
                        "label_frame_color":"0xFDC9C6",
                        "type":2
                    },
                    {
                        "content":"100减45",
                        "content_color":"0xFB4E44",
                        "label_background_color":"",
                        "label_frame_color":"0xFDC9C6",
                        "type":2
                    },
                    {
                        "content":"8元无门槛红包",
                        "content_color":"0xBB8415",
                        "label_background_color":"",
                        "label_frame_color":"0xDDC189",
                        "type":2
                    },
                    {
                        "content":"减3元配送费",
                        "content_color":"0xFB4E44",
                        "label_background_color":"",
                        "label_frame_color":"0xFDC9C6",
                        "type":2
                    },
                    {
                        "content":"3.33折起",
                        "content_color":"0xFB4E44",
                        "label_background_color":"",
                        "label_frame_color":"0xFDC9C6",
                        "type":2
                    },
                    {
                        "content":"领3元券",
                        "content_color":"0xFB4E44",
                        "label_background_color":"",
                        "label_frame_color":"0xFDC9C6",
                        "type":2
                    },
                    {
                        "content":"领4元券",
                        "content_color":"0xFB4E44",
                        "label_background_color":"",
                        "label_frame_color":"0xFDC9C6",
                        "type":2
                    },
                    {
                        "content":"领8元券",
                        "content_color":"0xFB4E44",
                        "label_background_color":"",
                        "label_frame_color":"0xFDC9C6",
                        "type":2
                    },
                    {
                        "content":"返5元券",
                        "content_color":"0xFB4E44",
                        "label_background_color":"",
                        "label_frame_color":"0xFDC9C6",
                        "type":2
                    },
                    {
                        "content":"买赠",
                        "content_color":"0xFB4E44",
                        "label_background_color":"",
                        "label_frame_color":"0xFDC9C6",
                        "type":2
                    }
                ]
            },
            "food_list":[
                {
                    "food_name":"番茄鸡蛋（饭单点）",
                    "food_count":1
                },
                {
                    "food_name":"牛肉菜花双人套餐",
                    "food_count":1
                }
            ],
            "button_list":[
                {
                    "title":"相似商家",
                    "highlight":0
                },
                {
                    "title":"再来一单",
                    "highlight":0
                }
            ]
        },
        {
            "status_description":"订单已完成",
            "business_name":"潮汕砂锅粥",
            "business_pic":"https://ss0.bdstatic.com/70cFuHSh_Q1YnxGkpoWK1HF6hhy/it/u=3985045178,3448045350&fm=26&gp=0.jpg",
            "total":17.67,
            "business_extension_info":{
                "business_label_info":[
                    {
                        "content":"35减12",
                        "content_color":"0xFB4E44",
                        "label_background_color":"",
                        "label_frame_color":"0xFDC9C6",
                        "type":2
                    },
                    {
                        "content":"50减15",
                        "content_color":"0xFB4E44",
                        "label_background_color":"",
                        "label_frame_color":"0xFDC9C6",
                        "type":2
                    },
                    {
                        "content":"100减40",
                        "content_color":"0xFB4E44",
                        "label_background_color":"",
                        "label_frame_color":"0xFDC9C6",
                        "type":2
                    },
                    {
                        "content":"150减45",
                        "content_color":"0xFB4E44",
                        "label_background_color":"",
                        "label_frame_color":"0xFDC9C6",
                        "type":2
                    },
                    {
                        "content":"8元无门槛红包",
                        "content_color":"0xBB8415",
                        "label_background_color":"",
                        "label_frame_color":"0xDDC189",
                        "type":2
                    },
                    {
                        "content":"7折起",
                        "content_color":"0xFB4E44",
                        "label_background_color":"",
                        "label_frame_color":"0xFDC9C6",
                        "type":2
                    }
                ]
            },
            "food_list":[
                {
                    "food_name":"干贝虾粥",
                    "food_count":1
                }
            ],
            "button_list":[
                {
                    "title":"相似商家",
                    "highlight":0
                },
                {
                    "title":"再来一单",
                    "highlight":0
                }
            ]
        }
    ]
}

